id,terrestrial_date,sol,ls,month,min_temp,pressure
2,8/16/12,10,155,6,-75,739
13,8/17/12,11,156,6,-76,740
24,8/18/12,12,156,6,-76,741
35,8/19/12,13,157,6,-74,732
46,8/20/12,14,157,6,-74,740
57,8/21/12,15,158,6,-78,740
68,8/22/12,16,158,6,-77,740
79,8/23/12,17,159,6,-76,742
112,8/27/12,21,161,6,-74,741
114,8/28/12,22,162,6,-74,742
123,8/29/12,23,162,6,-75,741
134,8/30/12,24,163,6,-75,742
145,8/31/12,25,163,6,-75,743
156,9/1/12,26,164,6,-76,745
163,9/2/12,27,164,6,-75,743
170,9/3/12,28,165,6,-75,745
171,9/4/12,29,166,6,-75,747
172,9/5/12,30,166,6,-74,747
173,9/6/12,31,167,6,-74,745
175,9/8/12,33,168,6,-73,748
176,9/10/12,34,168,6,-73,748
177,9/11/12,35,169,6,-73,749
178,9/12/12,36,169,6,-73,750
179,9/13/12,37,170,6,-73,750
180,9/14/12,38,171,6,-73,750
181,9/15/12,39,171,6,-75,751
182,9/16/12,40,172,6,-75,753
183,9/17/12,41,172,6,-75,753
184,9/18/12,42,173,6,-75,754
185,9/19/12,43,173,6,-74,756
186,9/20/12,44,174,6,-75,757
187,9/21/12,45,175,6,-74,758
188,9/22/12,46,175,6,-74,758
189,9/23/12,47,176,6,-75,758
190,9/24/12,48,176,6,-75,759
191,9/25/12,49,177,6,-74,761
192,9/26/12,50,177,6,-72,761
193,9/27/12,51,178,6,-76,762
194,9/28/12,52,179,6,-74,762
195,9/29/12,53,179,6,-71,764
196,9/30/12,54,180,7,-72,766
197,10/1/12,55,180,7,-74,766
198,10/2/12,56,181,7,-73,768
199,10/3/12,57,181,7,-73,769
200,10/4/12,58,182,7,-74,769
201,10/5/12,59,183,7,-76,771
202,10/6/12,60,183,7,-75,772
203,10/7/12,61,184,7,-72,772
204,10/8/12,62,184,7,-72,774
205,10/9/12,63,185,7,-73,775
206,10/10/12,64,186,7,-74,776
207,10/11/12,65,186,7,-72,777
208,10/12/12,66,187,7,-73,778
209,10/13/12,67,187,7,-73,780
210,10/14/12,68,188,7,-71,781
211,10/15/12,69,189,7,-73,778
212,10/17/12,70,189,7,-72,783
213,10/18/12,71,190,7,-71,784
214,10/19/12,72,190,7,-73,785
215,10/20/12,73,191,7,-70,788
216,10/21/12,74,192,7,-72,790
217,10/22/12,75,192,7,-73,791
218,10/23/12,76,193,7,-73,792
219,10/24/12,77,193,7,-71,792
220,10/25/12,78,194,7,-71,793
221,10/26/12,79,195,7,-73,795
222,10/27/12,80,195,7,-70,796
223,10/28/12,81,196,7,-72,798
224,10/29/12,82,196,7,-72,799
225,10/30/12,83,197,7,-72,801
226,10/31/12,84,198,7,-70,801
227,11/1/12,85,198,7,-71,805
228,11/2/12,86,199,7,-71,808
229,11/3/12,87,199,7,-70,808
230,11/4/12,88,200,7,-70,811
231,11/5/12,89,201,7,-73,813
233,11/6/12,90,201,7,-71,813
234,11/7/12,91,202,7,-74,817
235,11/8/12,92,202,7,-74,820
236,11/9/12,93,203,7,-72,819
237,11/10/12,94,204,7,-70,822
238,11/11/12,95,204,7,-68,822
239,11/12/12,96,205,7,-71,826
240,11/13/12,97,206,7,-68,828
241,11/14/12,98,206,7,-68,828
242,11/15/12,99,207,7,-68,829
3,11/16/12,100,207,7,-66,829
4,11/17/12,101,208,7,-65,830
5,11/18/12,102,209,7,-67,833
6,11/19/12,103,209,7,-66,836
7,11/20/12,104,210,8,-67,838
8,11/21/12,105,211,8,-66,839
9,11/23/12,106,211,8,-66,841
10,11/24/12,107,212,8,-66,844
11,11/25/12,108,212,8,-65,845
12,11/26/12,109,213,8,-64,844
14,11/27/12,110,214,8,-65,848
15,11/28/12,111,214,8,-66,849
16,11/29/12,112,215,8,-65,852
17,11/30/12,113,216,8,-66,857
18,12/1/12,114,216,8,-69,857
19,12/2/12,115,217,8,-66,857
20,12/3/12,116,217,8,-67,859
21,12/4/12,117,218,8,-66,861
22,12/5/12,118,219,8,-65,864
23,12/6/12,119,219,8,-66,866
25,12/7/12,120,220,8,-67,867
26,12/8/12,121,221,8,-66,869
27,12/9/12,122,221,8,-65,869
28,12/10/12,123,222,8,-66,875
29,12/11/12,124,223,8,-66,876
30,12/12/12,125,223,8,-68,880
31,12/13/12,126,224,8,-66,880
32,12/14/12,127,224,8,-67,884
33,12/15/12,128,225,8,-67,883
34,12/16/12,129,226,8,-65,886
36,12/17/12,130,226,8,-65,888
37,12/18/12,131,227,8,-65,889
38,12/19/12,132,228,8,-65,890
39,12/20/12,133,228,8,-65,891
40,12/21/12,134,229,8,-67,893
41,12/22/12,135,230,8,-65,894
42,12/23/12,136,230,8,-65,897
43,12/24/12,137,231,8,-64,896
44,12/25/12,138,232,8,-65,899
45,12/26/12,139,232,8,-66,899
47,12/27/12,140,233,8,-66,903
48,12/28/12,141,233,8,-64,904
49,12/29/12,142,234,8,-65,906
50,12/31/12,143,235,8,-63,908
51,1/1/13,144,235,8,-64,907
52,1/2/13,145,236,8,-64,909
53,1/3/13,146,237,8,-65,908
54,1/4/13,147,237,8,-65,914
55,1/5/13,148,238,8,-65,912
56,1/6/13,149,239,8,-65,914
58,1/7/13,150,239,8,-64,913
59,1/8/13,151,240,9,-65,915
60,1/9/13,152,241,9,-63,914
61,1/10/13,153,241,9,-65,915
62,1/11/13,154,242,9,-65,917
63,1/12/13,155,243,9,-64,917
64,1/13/13,156,243,9,-65,922
65,1/14/13,157,244,9,-64,920
66,1/15/13,158,245,9,-66,922
67,1/16/13,159,245,9,-65,918
69,1/17/13,160,246,9,-67,919
70,1/18/13,161,246,9,-65,919
71,1/19/13,162,247,9,-65,919
72,1/20/13,163,248,9,-65,919
73,1/21/13,164,248,9,-64,919
74,1/22/13,165,249,9,-65,922
75,1/23/13,166,250,9,-65,922
76,1/24/13,167,250,9,-65,920
77,1/25/13,168,251,9,-66,923
78,1/26/13,169,252,9,-66,922
80,1/27/13,170,252,9,-66,925
81,1/28/13,171,253,9,-67,925
82,1/29/13,172,254,9,-67,923
83,1/30/13,173,254,9,-67,920
84,1/31/13,174,255,9,-67,921
85,2/1/13,175,256,9,-68,921
86,2/2/13,176,256,9,-67,920
87,2/3/13,177,257,9,-66,921
88,2/4/13,178,258,9,-66,920
89,2/6/13,179,258,9,-66,920
91,2/7/13,180,259,9,-67,919
92,2/8/13,181,260,9,-67,918
93,2/9/13,182,260,9,-67,921
94,2/10/13,183,261,9,-67,921
95,2/11/13,184,261,9,-67,923
96,2/12/13,185,262,9,-67,923
97,2/13/13,186,263,9,-66,922
98,2/14/13,187,263,9,-67,921
99,2/15/13,188,264,9,-68,920
100,2/16/13,189,265,9,-68,920
102,2/17/13,190,265,9,-66,917
103,2/18/13,191,266,9,-67,921
106,2/23/13,196,269,9,-66,916
107,2/24/13,197,270,10,-68,915
108,2/25/13,198,271,10,-67,914
109,2/26/13,199,271,10,-66,917
116,3/23/13,223,287,10,-71,895
117,3/24/13,224,287,10,-69,894
118,3/25/13,225,288,10,-71,894
119,3/26/13,226,288,10,-70,894
120,3/27/13,227,289,10,-70,892
121,3/28/13,228,290,10,-71,894
122,3/29/13,229,290,10,-69,894
124,3/30/13,230,291,10,-69,888
125,3/31/13,231,292,10,-71,890
126,4/1/13,232,292,10,-69,888
127,4/2/13,233,293,10,-69,889
128,4/3/13,234,293,10,-69,890
129,4/4/13,235,294,10,-70,886
130,4/5/13,236,295,10,-72,886
131,4/6/13,237,295,10,-71,883
132,4/7/13,238,296,10,-70,885
133,4/8/13,239,297,10,-73,885
135,4/9/13,240,297,10,-70,884
136,4/10/13,241,298,10,-72,884
137,4/11/13,242,298,10,-70,881
138,4/12/13,243,299,10,-71,884
139,4/13/13,244,300,11,-69,878
140,4/14/13,245,300,11,-70,879
141,4/15/13,246,301,11,-73,878
142,4/16/13,247,301,11,-71,873
143,4/17/13,248,302,11,-70,877
144,4/18/13,249,303,11,-69,873
146,4/19/13,250,303,11,-70,877
147,4/20/13,251,304,11,-71,876
148,4/22/13,252,304,11,-71,874
149,4/23/13,253,305,11,-71,877
150,4/24/13,254,306,11,-70,871
151,4/25/13,255,306,11,-69,877
152,4/26/13,256,307,11,-70,871
153,4/27/13,257,308,11,-70,871
154,4/28/13,258,308,11,-71,869
155,4/29/13,259,309,11,-72,871
157,4/30/13,260,309,11,-70,875
158,5/1/13,261,310,11,-70,868
161,5/8/13,268,314,11,-70,864
162,5/9/13,269,315,11,-72,866
164,5/10/13,270,315,11,-67,863
165,5/11/13,271,316,11,-69,864
166,5/12/13,272,316,11,-71,864
167,5/13/13,273,317,11,-70,861
168,5/14/13,274,318,11,-70,861
169,5/15/13,275,318,11,-67,860
244,5/16/13,276,319,11,-69,858
245,5/17/13,277,319,11,-69,857
246,5/18/13,278,320,11,-67,855
247,5/19/13,279,321,11,-68,856
248,5/20/13,280,321,11,-69,856
249,5/21/13,281,322,11,-68,855
250,5/22/13,282,322,11,-72,856
251,5/23/13,283,323,11,-68,854
252,5/24/13,284,323,11,-71,854
253,5/25/13,285,324,11,-70,852
254,5/26/13,286,325,11,-71,854
255,5/27/13,287,325,11,-72,856
256,5/29/13,288,326,11,-69,854
257,5/30/13,289,326,11,-71,854
258,5/31/13,290,327,11,-71,853
259,6/1/13,291,327,11,-70,853
260,6/2/13,292,328,11,-71,853
261,6/3/13,293,329,11,-72,850
262,6/4/13,294,329,11,-72,852
263,6/5/13,295,330,12,-71,853
264,6/6/13,296,330,12,-71,850
265,6/7/13,297,331,12,-72,849
266,6/8/13,298,331,12,-72,850
267,6/9/13,299,332,12,-71,849
286,6/10/13,300,333,12,-72,852
276,6/11/13,301,333,12,-73,852
287,6/12/13,302,334,12,-71,850
283,6/13/13,303,334,12,-71,849
281,6/14/13,304,335,12,-70,848
275,6/15/13,305,335,12,-71,847
280,6/16/13,306,336,12,-71,848
279,6/17/13,307,336,12,-72,851
282,6/18/13,308,337,12,-73,850
284,6/19/13,309,338,12,-72,848
278,6/20/13,310,338,12,-71,849
277,6/21/13,311,339,12,-74,846
285,6/22/13,312,339,12,-71,845
274,6/23/13,313,340,12,-77,849
272,6/24/13,314,340,12,-73,848
273,6/25/13,315,341,12,-74,850
288,6/26/13,316,341,12,-74,851
268,6/27/13,317,342,12,-72,849
270,6/28/13,318,342,12,-74,849
271,6/29/13,319,343,12,-73,847
269,6/30/13,320,344,12,-74,846
289,7/1/13,321,344,12,-75,847
291,7/2/13,322,345,12,-74,849
290,7/3/13,323,345,12,-74,847
292,7/4/13,324,346,12,-75,850
294,7/6/13,325,346,12,-74,847
295,7/7/13,326,347,12,-72,848
296,7/8/13,327,347,12,-74,848
293,7/9/13,328,348,12,-75,847
298,7/10/13,329,348,12,-74,847
297,7/11/13,330,349,12,-75,848
303,7/12/13,331,349,12,-74,848
300,7/13/13,332,350,12,-76,849
299,7/14/13,333,350,12,-75,849
301,7/15/13,334,351,12,-74,852
302,7/16/13,335,352,12,-76,852
305,7/17/13,336,352,12,-76,852
304,7/18/13,337,353,12,-75,853
306,7/19/13,338,353,12,-78,848
308,7/20/13,339,354,12,-76,849
307,7/21/13,340,354,12,-76,851
310,7/22/13,341,355,12,-77,852
309,7/23/13,342,355,12,-76,851
311,7/24/13,343,356,12,-77,850
317,7/25/13,344,356,12,-77,851
312,7/26/13,345,357,12,-77,853
314,7/27/13,346,357,12,-76,853
313,7/28/13,347,358,12,-77,851
315,7/29/13,348,358,12,-74,850
316,7/30/13,349,359,12,-75,852
318,7/31/13,350,359,12,-76,853
320,8/1/13,351,0,1,-75,853
319,8/2/13,352,0,1,-77,854
323,8/3/13,353,1,1,-75,855
322,8/4/13,354,1,1,-75,857
321,8/5/13,355,2,1,-75,857
324,8/6/13,356,2,1,-77,856
325,8/7/13,357,3,1,-76,857
326,8/17/13,366,7,1,-76,861
328,8/18/13,367,8,1,-76,862
330,8/19/13,368,8,1,-77,863
331,8/20/13,369,9,1,-75,865
332,8/21/13,370,9,1,-79,865
333,8/22/13,371,10,1,-77,865
334,8/23/13,372,10,1,-76,866
335,8/24/13,373,11,1,-79,866
337,8/25/13,374,11,1,-79,866
336,8/26/13,375,12,1,-77,867
340,8/27/13,376,12,1,-78,870
338,8/28/13,377,13,1,-78,870
339,8/29/13,378,13,1,-78,869
341,8/30/13,379,14,1,-79,870
343,8/31/13,380,14,1,-79,870
345,9/1/13,381,15,1,-79,871
344,9/2/13,382,15,1,-76,872
342,9/3/13,383,16,1,-77,874
346,9/4/13,384,16,1,-77,875
351,9/5/13,385,17,1,-78,874
347,9/6/13,386,17,1,-77,873
349,9/7/13,387,18,1,-78,874
350,9/8/13,388,18,1,-79,875
348,9/9/13,389,19,1,-79,875
352,9/10/13,390,19,1,-78,875
353,9/11/13,391,20,1,-78,875
354,9/12/13,392,20,1,-77,876
355,9/13/13,393,21,1,-76,877
356,9/14/13,394,21,1,-79,878
357,9/15/13,395,22,1,-77,878
358,9/16/13,396,22,1,-78,879
359,9/18/13,397,23,1,-75,880
360,9/19/13,398,23,1,-79,880
361,9/20/13,399,24,1,-79,881
363,9/21/13,400,24,1,-79,881
362,9/22/13,401,25,1,-79,882
365,9/23/13,402,25,1,-78,883
364,9/24/13,403,25,1,-80,883
367,9/25/13,404,26,1,-78,884
366,9/26/13,405,26,1,-82,885
374,9/27/13,406,27,1,-81,886
370,9/28/13,407,27,1,-81,887
369,9/29/13,408,28,1,-80,887
368,9/30/13,409,28,1,-81,887
373,10/1/13,410,29,1,-81,888
372,10/2/13,411,29,1,-82,887
371,10/3/13,412,30,2,-80,888
376,10/4/13,413,30,2,-82,888
375,10/5/13,414,31,2,-79,889
377,10/6/13,415,31,2,-82,890
378,10/7/13,416,32,2,-79,889
379,10/8/13,417,32,2,-82,890
380,10/9/13,418,33,2,-79,891
381,10/10/13,419,33,2,-82,891
385,10/11/13,420,33,2,-80,892
382,10/12/13,421,34,2,-81,890
384,10/13/13,422,34,2,-82,891
383,10/14/13,423,35,2,-81,892
386,10/15/13,424,35,2,-81,893
393,10/16/13,425,36,2,-81,893
388,10/17/13,426,36,2,-79,893
392,10/18/13,427,37,2,-81,893
391,10/19/13,428,37,2,-81,894
387,10/20/13,429,38,2,-82,895
390,10/21/13,430,38,2,-82,896
389,10/22/13,431,39,2,-83,895
395,10/23/13,432,39,2,-80,896
394,10/24/13,433,40,2,-81,895
397,10/26/13,434,40,2,-80,896
396,10/27/13,435,40,2,-81,896
398,10/28/13,436,41,2,-81,897
399,10/29/13,437,41,2,-82,898
400,10/30/13,438,42,2,-79,899
401,10/31/13,439,42,2,-80,899
404,11/1/13,440,43,2,-80,899
402,11/2/13,441,43,2,-81,900
405,11/3/13,442,44,2,-80,900
403,11/4/13,443,44,2,-81,901
407,11/16/13,455,50,2,-84,905
406,11/17/13,456,50,2,-83,905
409,11/24/13,463,53,2,-86,906
410,11/25/13,464,54,2,-84,906
412,11/26/13,465,54,2,-85,906
415,11/27/13,466,55,2,-85,907
411,11/28/13,467,55,2,-84,907
414,11/29/13,468,55,2,-85,907
413,11/30/13,469,56,2,-85,908
475,12/2/13,470,56,2,-85,907
479,12/3/13,471,57,2,-84,906
416,12/4/13,472,57,2,-84,907
417,12/5/13,473,58,2,-86,907
420,12/6/13,474,58,2,-84,906
419,12/7/13,475,59,2,-85,906
418,12/8/13,476,59,2,-85,906
421,12/9/13,477,60,3,-85,907
422,12/18/13,486,64,3,-84,904
473,12/19/13,487,64,3,-85,904
480,12/20/13,488,64,3,-87,903
423,12/21/13,489,65,3,-85,904
434,12/22/13,490,65,3,-87,903
433,12/23/13,491,66,3,-86,903
427,12/24/13,492,66,3,-86,903
426,12/25/13,493,67,3,-84,902
429,12/26/13,494,67,3,-85,902
431,12/27/13,495,68,3,-86,900
428,12/28/13,496,68,3,-85,901
425,12/29/13,497,69,3,-86,901
424,12/30/13,498,69,3,-86,901
432,12/31/13,499,69,3,-84,899
430,1/1/14,500,70,3,-85,897
435,1/2/14,501,70,3,-86,898
437,1/3/14,502,71,3,-87,898
483,1/4/14,503,71,3,-86,897
436,1/5/14,504,72,3,-85,895
438,1/6/14,505,72,3,-85,895
439,1/8/14,506,73,3,-86,894
440,1/9/14,507,73,3,-85,894
442,1/10/14,508,73,3,-83,893
443,1/11/14,509,74,3,-86,895
441,1/12/14,510,74,3,-85,892
446,1/13/14,511,75,3,-85,892
444,1/14/14,512,75,3,-86,890
445,1/15/14,513,76,3,-86,889
447,1/16/14,514,76,3,-86,888
450,1/17/14,515,77,3,-86,888
449,1/18/14,516,77,3,-86,888
448,1/19/14,517,77,3,-86,885
451,1/20/14,518,78,3,-85,885
452,1/21/14,519,78,3,-86,884
453,1/22/14,520,79,3,-86,884
454,1/23/14,521,79,3,-87,882
455,1/24/14,522,80,3,-85,881
458,1/25/14,523,80,3,-85,881
457,1/26/14,524,81,3,-85,880
456,1/27/14,525,81,3,-87,878
459,1/28/14,526,82,3,-87,878
460,1/29/14,527,82,3,-86,877
461,1/30/14,528,82,3,-86,876
462,1/31/14,529,83,3,-87,875
463,2/1/14,530,83,3,-87,873
465,2/2/14,531,84,3,-87,872
464,2/3/14,532,84,3,-88,872
466,2/4/14,533,85,3,-87,871
467,2/5/14,534,85,3,-86,869
468,2/6/14,535,86,3,-88,868
470,2/7/14,536,86,3,-83,867
469,2/8/14,537,86,3,-83,865
472,2/9/14,538,87,3,-85,865
476,2/10/14,539,87,3,-85,864
481,2/11/14,540,88,3,-84,862
482,2/12/14,541,88,3,-84,861
477,2/13/14,542,89,3,-85,859
486,2/15/14,543,89,3,-84,858
487,2/16/14,544,90,4,-86,857
490,2/17/14,545,90,4,-85,856
489,2/18/14,546,91,4,-85,855
488,2/19/14,547,91,4,-85,853
491,2/20/14,548,91,4,-86,852
492,2/21/14,549,92,4,-87,851
494,2/22/14,550,92,4,-85,850
495,2/23/14,551,93,4,-85,848
493,2/24/14,552,93,4,-86,847
496,2/25/14,553,94,4,-84,845
497,2/26/14,554,94,4,-84,843
499,2/27/14,555,95,4,-85,843
501,2/28/14,556,95,4,-85,842
498,3/1/14,557,96,4,-85,840
500,3/2/14,558,96,4,-85,839
502,3/3/14,559,96,4,-85,838
503,3/4/14,560,97,4,-86,836
504,3/5/14,561,97,4,-85,835
506,3/6/14,562,98,4,-85,834
505,3/7/14,563,98,4,-87,833
509,3/8/14,564,99,4,-86,831
508,3/9/14,565,99,4,-85,830
507,3/10/14,566,100,4,-86,829
510,3/11/14,567,100,4,-86,827
511,3/12/14,568,101,4,-86,825
512,3/13/14,569,101,4,-85,825
513,3/14/14,570,102,4,-84,823
515,3/15/14,571,102,4,-84,821
514,3/16/14,572,102,4,-85,820
516,3/17/14,573,103,4,-84,819
517,3/18/14,574,103,4,-85,817
518,3/19/14,575,104,4,-82,816
520,3/20/14,576,104,4,-84,815
519,3/21/14,577,105,4,-84,813
521,3/22/14,578,105,4,-83,812
522,3/24/14,579,106,4,-82,811
523,3/25/14,580,106,4,-83,810
524,3/26/14,581,107,4,-84,808
525,3/27/14,582,107,4,-84,807
526,3/28/14,583,108,4,-82,806
528,3/29/14,584,108,4,-82,804
527,3/30/14,585,109,4,-83,802
529,3/31/14,586,109,4,-82,802
530,4/1/14,587,109,4,-85,801
532,4/2/14,588,110,4,-84,799
531,4/3/14,589,110,4,-85,798
535,4/4/14,590,111,4,-82,797
533,4/5/14,591,111,4,-82,795
534,4/6/14,592,112,4,-83,795
536,4/7/14,593,112,4,-83,795
537,4/8/14,594,113,4,-83,793
538,4/9/14,595,113,4,-83,792
539,4/10/14,596,114,4,-82,791
540,4/11/14,597,114,4,-84,790
542,4/12/14,598,115,4,-84,787
543,4/13/14,599,115,4,-84,788
541,4/14/14,600,116,4,-81,787
544,4/15/14,601,116,4,-82,785
545,4/16/14,602,117,4,-82,784
548,4/17/14,603,117,4,-83,783
546,4/18/14,604,118,4,-84,782
547,4/19/14,605,118,4,-83,781
549,4/20/14,606,118,4,-84,780
550,4/21/14,607,119,4,-83,779
551,4/22/14,608,119,4,-85,777
552,4/23/14,609,120,5,-84,777
554,4/24/14,610,120,5,-85,776
555,4/25/14,611,121,5,-84,775
553,4/26/14,612,121,5,-85,774
556,4/27/14,613,122,5,-84,773
557,4/28/14,614,122,5,-82,772
558,4/29/14,615,123,5,-83,771
559,5/1/14,616,123,5,-82,769
561,5/2/14,617,124,5,-84,769
562,5/3/14,618,124,5,-83,769
560,5/4/14,619,125,5,-82,766
563,5/5/14,620,125,5,-83,765
564,5/6/14,621,126,5,-82,765
565,5/7/14,622,126,5,-84,763
566,5/8/14,623,127,5,-83,763
568,5/9/14,624,127,5,-82,762
569,5/10/14,625,128,5,-81,761
567,5/11/14,626,128,5,-82,760
570,5/12/14,627,129,5,-82,759
571,5/13/14,628,129,5,-81,759
572,5/14/14,629,130,5,-84,759
573,5/15/14,630,130,5,-82,757
576,5/16/14,631,131,5,-81,756
575,5/17/14,632,131,5,-79,755
574,5/18/14,633,132,5,-81,754
577,5/19/14,634,132,5,-82,753
578,5/20/14,635,133,5,-82,754
582,5/21/14,636,133,5,-81,752
580,5/22/14,637,134,5,-80,752
579,5/23/14,638,134,5,-80,751
581,5/24/14,639,135,5,-80,750
583,5/25/14,640,135,5,-81,750
584,5/26/14,641,136,5,-81,749
585,5/27/14,642,136,5,-80,749
586,5/28/14,643,137,5,-80,748
588,5/29/14,644,137,5,-80,748
589,5/30/14,645,138,5,-81,746
587,5/31/14,646,138,5,-81,746
590,6/1/14,647,139,5,-79,746
591,6/2/14,648,139,5,-80,746
592,6/3/14,649,140,5,-79,745
593,6/4/14,650,140,5,-80,743
595,6/5/14,651,141,5,-80,743
594,6/7/14,652,141,5,-79,745
596,6/8/14,653,142,5,-80,744
597,6/9/14,654,142,5,-79,742
598,6/10/14,655,143,5,-77,741
599,6/11/14,656,143,5,-80,740
600,6/12/14,657,144,5,-79,739
602,6/13/14,658,144,5,-79,739
603,6/14/14,659,145,5,-77,738
601,6/15/14,660,145,5,-78,735
604,6/16/14,661,146,5,-76,735
605,6/17/14,662,146,5,-77,735
609,6/18/14,663,147,5,-77,734
607,6/19/14,664,147,5,-78,732
610,6/20/14,665,148,5,-78,735
608,6/21/14,666,148,5,-77,736
606,6/22/14,667,149,5,-76,736
611,6/23/14,668,150,6,-75,734
613,6/24/14,669,150,6,-84,735
612,6/25/14,670,151,6,-79,737
614,6/26/14,671,151,6,-79,740
615,6/27/14,672,152,6,-78,739
616,6/28/14,673,152,6,-78,738
617,6/29/14,674,153,6,-80,739
618,6/30/14,675,153,6,-80,740
619,7/1/14,676,154,6,-80,738
622,7/2/14,677,154,6,-78,737
621,7/3/14,678,155,6,-77,739
624,7/4/14,679,155,6,-77,738
620,7/5/14,680,156,6,-76,740
623,7/6/14,681,156,6,-79,738
625,7/7/14,682,157,6,-77,739
626,7/8/14,683,158,6,-79,741
627,7/9/14,684,158,6,-75,741
628,7/10/14,685,159,6,-77,740
629,7/11/14,686,159,6,-76,738
630,7/12/14,687,160,6,-77,739
631,7/14/14,688,160,6,-77,741
632,7/15/14,689,161,6,-76,742
633,7/16/14,690,161,6,-77,741
634,7/17/14,691,162,6,-76,741
637,7/18/14,692,162,6,-76,742
636,7/19/14,693,163,6,-76,741
635,7/20/14,694,164,6,-75,740
638,7/21/14,695,164,6,-76,741
639,7/22/14,696,165,6,-75,743
640,7/23/14,697,165,6,-74,743
641,7/24/14,698,166,6,-77,743
642,7/25/14,699,166,6,-76,744
643,7/26/14,700,167,6,-75,745
644,7/27/14,701,167,6,-77,745
645,7/28/14,702,168,6,-76,745
646,7/29/14,703,169,6,-75,747
647,7/30/14,704,169,6,-75,747
648,7/31/14,705,170,6,-76,746
650,8/1/14,706,170,6,-76,748
651,8/2/14,707,171,6,-76,749
649,8/3/14,708,171,6,-76,749
652,8/4/14,709,172,6,-73,750
653,8/5/14,710,172,6,-77,751
654,8/6/14,711,173,6,-75,751
658,8/7/14,712,174,6,-77,752
656,8/8/14,713,174,6,-76,754
655,8/9/14,714,175,6,-76,754
657,8/10/14,715,175,6,-73,755
659,8/11/14,716,176,6,-75,755
661,8/12/14,717,176,6,-76,756
660,8/13/14,718,177,6,-77,757
662,8/14/14,719,178,6,-77,758
663,8/15/14,720,178,6,-74,760
664,8/16/14,721,179,6,-73,761
665,8/17/14,722,179,6,-74,760
666,8/18/14,723,180,7,-73,761
667,8/19/14,724,181,7,-74,763
669,8/21/14,725,181,7,-73,764
668,8/22/14,726,182,7,-75,766
671,8/23/14,727,182,7,-76,766
670,8/24/14,728,183,7,-74,766
672,8/25/14,729,183,7,-75,768
676,8/26/14,730,184,7,-76,770
673,8/27/14,731,185,7,-75,771
677,8/28/14,732,185,7,-75,773
674,8/29/14,733,186,7,-74,773
675,8/30/14,734,186,7,-73,776
678,8/31/14,735,187,7,-73,776
679,9/1/14,736,188,7,-76,776
680,9/2/14,737,188,7,-74,777
681,9/3/14,738,189,7,-75,778
682,9/4/14,739,189,7,-77,779
685,9/5/14,740,190,7,-76,782
683,9/6/14,741,191,7,-70,784
684,9/7/14,742,191,7,-72,784
686,9/8/14,743,192,7,-72,786
687,9/9/14,744,192,7,-75,786
689,9/10/14,745,193,7,-74,787
688,9/11/14,746,194,7,-76,788
691,9/12/14,747,194,7,-73,789
690,9/13/14,748,195,7,-71,791
692,9/14/14,749,195,7,-73,794
693,9/15/14,750,196,7,-72,796
695,9/16/14,751,197,7,-72,797
694,9/17/14,752,197,7,-71,798
698,9/18/14,753,198,7,-73,800
696,9/19/14,754,198,7,-73,802
697,9/20/14,755,199,7,-74,806
699,9/21/14,756,200,7,-73,806
700,9/22/14,757,200,7,-73,807
701,9/23/14,758,201,7,-71,810
702,9/24/14,759,201,7,-77,809
704,9/25/14,760,202,7,-70,810
705,9/27/14,761,203,7,-72,814
703,9/28/14,762,203,7,-75,814
706,9/29/14,763,204,7,-78,817
707,9/30/14,764,205,7,-73,821
708,10/1/14,765,205,7,-73,820
709,10/2/14,766,206,7,-70,824
710,10/3/14,767,206,7,-71,824
712,10/4/14,768,207,7,-73,826
711,10/5/14,769,208,7,-73,829
713,10/6/14,770,208,7,-70,829
714,10/7/14,771,209,7,-71,836
715,10/8/14,772,210,8,-71,835
716,10/9/14,773,210,8,-70,838
719,10/10/14,774,211,8,-73,838
717,10/11/14,775,211,8,-71,838
718,10/12/14,776,212,8,-72,841
720,10/13/14,777,213,8,-72,841
721,10/14/14,778,213,8,-70,846
722,10/15/14,779,214,8,-71,845
723,10/16/14,780,215,8,-72,852
725,10/17/14,781,215,8,-74,849
724,10/18/14,782,216,8,-71,854
727,10/19/14,783,216,8,-69,853
726,10/20/14,784,217,8,-69,857
728,10/21/14,785,218,8,-74,858
729,10/22/14,786,218,8,-74,861
732,10/23/14,787,219,8,-73,860
731,10/24/14,788,220,8,-68,862
730,10/25/14,789,220,8,-68,862
733,10/26/14,790,221,8,-68,864
734,10/27/14,791,222,8,-70,867
735,10/28/14,792,222,8,-71,873
736,10/29/14,793,223,8,-71,877
739,10/30/14,794,223,8,-68,874
738,10/31/14,795,224,8,-68,875
737,11/1/14,796,225,8,-65,877
740,11/3/14,797,225,8,-65,879
741,11/4/14,798,226,8,-67,883
743,11/5/14,799,227,8,-70,884
742,11/6/14,800,227,8,-67,884
746,11/7/14,801,228,8,-70,884
745,11/8/14,802,229,8,-69,887
744,11/9/14,803,229,8,-69,888
747,11/10/14,804,230,8,-73,891
748,11/11/14,805,231,8,-70,893
750,11/12/14,806,231,8,-69,893
749,11/13/14,807,232,8,-71,892
752,11/14/14,808,232,8,-67,893
753,11/15/14,809,233,8,-70,895
751,11/16/14,810,234,8,-69,897
754,11/17/14,811,234,8,-71,900
755,11/18/14,812,235,8,-75,902
756,11/19/14,813,236,8,-67,904
757,11/20/14,814,236,8,-68,902
759,11/21/14,815,237,8,-69,905
758,11/22/14,816,238,8,-74,909
761,11/23/14,817,238,8,-69,913
760,11/24/14,818,239,8,-68,914
763,11/25/14,819,240,9,-71,913
765,11/26/14,820,240,9,-68,910
762,11/27/14,821,241,9,-68,910
764,11/28/14,822,242,9,-71,911
766,11/29/14,823,242,9,-69,912
768,11/30/14,824,243,9,-67,914
767,12/1/14,825,243,9,-67,914
770,12/2/14,826,244,9,-68,914
769,12/3/14,827,245,9,-68,911
771,12/4/14,828,245,9,-71,914
773,12/5/14,829,246,9,-71,914
772,12/6/14,830,247,9,-68,918
774,12/7/14,831,247,9,-68,920
775,12/8/14,832,248,9,-68,924
776,12/9/14,833,249,9,-69,923
777,12/11/14,834,249,9,-68,918
780,12/12/14,835,250,9,-69,917
778,12/13/14,836,251,9,-69,916
779,12/14/14,837,251,9,-69,916
782,12/15/14,838,252,9,-69,917
781,12/16/14,839,253,9,-70,917
783,12/17/14,840,253,9,-74,913
784,12/18/14,841,254,9,-75,914
790,12/19/14,842,255,9,-69,914
793,12/20/14,843,255,9,-69,916
788,12/21/14,844,256,9,-68,917
786,12/22/14,845,257,9,-73,920
785,12/23/14,846,257,9,-74,925
791,12/24/14,847,258,9,-69,918
792,12/25/14,848,258,9,-69,918
787,12/26/14,849,259,9,-69,918
789,12/27/14,850,260,9,-68,918
794,12/28/14,851,260,9,-68,919
797,12/29/14,852,261,9,-73,916
796,12/30/14,853,262,9,-67,913
798,12/31/14,854,262,9,-66,910
799,1/1/15,855,263,9,-69,912
795,1/2/15,856,264,9,-68,912
801,1/3/15,857,264,9,-76,911
800,1/4/15,858,265,9,-73,913
802,1/5/15,859,266,9,-72,915
803,1/6/15,860,266,9,-69,916
804,1/7/15,861,267,9,-70,917
807,1/8/15,862,268,9,-70,917
805,1/9/15,863,268,9,-72,916
806,1/10/15,864,269,9,-70,914
808,1/11/15,865,270,10,-70,913
809,1/12/15,866,270,10,-71,911
810,1/13/15,867,271,10,-71,910
811,1/14/15,868,271,10,-71,908
812,1/15/15,869,272,10,-72,906
813,1/17/15,870,273,10,-74,909
814,1/18/15,871,273,10,-70,903
815,1/19/15,872,274,10,-72,902
817,1/28/15,881,280,10,-73,899
818,1/29/15,882,280,10,-76,901
820,1/30/15,883,281,10,-74,897
821,1/31/15,884,282,10,-71,897
819,2/1/15,885,282,10,-71,895
823,2/2/15,886,283,10,-73,894
822,2/3/15,887,284,10,-73,897
824,2/4/15,888,284,10,-70,896
825,2/5/15,889,285,10,-70,895
826,2/6/15,890,286,10,-72,892
827,2/7/15,891,286,10,-72,892
828,2/8/15,892,287,10,-71,892
829,2/9/15,893,287,10,-72,890
830,2/10/15,894,288,10,-75,891
831,2/11/15,895,289,10,-72,889
833,2/12/15,896,289,10,-70,888
832,2/13/15,897,290,10,-72,884
834,2/14/15,898,291,10,-72,883
835,2/15/15,899,291,10,-75,881
836,2/16/15,900,292,10,-70,883
837,2/17/15,901,292,10,-71,885
838,2/18/15,902,293,10,-68,883
839,2/19/15,903,294,10,-71,882
841,2/20/15,904,294,10,-71,878
840,2/21/15,905,295,10,-71,880
843,2/22/15,906,296,10,-76,878
842,2/24/15,907,296,10,-75,879
844,2/25/15,908,297,10,-71,883
845,2/26/15,909,297,10,-70,878
847,2/27/15,910,298,10,-73,878
846,2/28/15,911,299,10,-70,874
849,3/1/15,912,299,10,-75,875
848,3/2/15,913,300,11,-71,871
850,3/3/15,914,300,11,-71,874
851,3/4/15,915,301,11,-71,878
852,3/5/15,916,302,11,-71,872
854,3/6/15,917,302,11,-76,871
853,3/7/15,918,303,11,-71,867
855,3/8/15,919,304,11,-74,870
856,3/9/15,920,304,11,-72,868
857,3/10/15,921,305,11,-70,867
858,3/11/15,922,305,11,-73,870
859,3/12/15,923,306,11,-72,867
861,3/13/15,924,307,11,-74,867
860,3/14/15,925,307,11,-71,862
862,3/15/15,926,308,11,-76,864
863,3/16/15,927,308,11,-76,862
864,3/17/15,928,309,11,-72,862
865,3/18/15,929,310,11,-75,866
868,3/19/15,930,310,11,-75,865
867,3/20/15,931,311,11,-69,864
866,3/21/15,932,311,11,-71,859
869,3/22/15,933,312,11,-71,863
870,3/23/15,934,313,11,-73,858
872,3/24/15,935,313,11,-75,862
871,3/25/15,936,314,11,-72,865
874,3/26/15,937,314,11,-73,863
876,3/29/15,940,316,11,-73,861
875,3/30/15,941,317,11,-74,857
880,3/31/15,942,317,11,-74,857
877,4/2/15,943,318,11,-73,854
878,4/3/15,944,318,11,-70,852
881,4/4/15,945,319,11,-72,851
879,4/5/15,946,320,11,-77,850
882,4/6/15,947,320,11,-70,853
883,4/7/15,948,321,11,-73,854
884,4/8/15,949,321,11,-72,851
885,4/9/15,950,322,11,-73,850
888,4/10/15,951,323,11,-75,849
886,4/11/15,952,323,11,-69,847
887,4/12/15,953,324,11,-71,847
889,4/13/15,954,324,11,-73,847
892,4/17/15,958,327,11,-74,848
891,4/18/15,959,327,11,-78,846
893,4/19/15,960,328,11,-76,846
895,4/20/15,961,328,11,-71,849
894,4/21/15,962,329,11,-73,845
896,4/22/15,963,329,11,-71,850
897,4/23/15,964,330,12,-72,847
898,4/24/15,965,331,12,-75,847
900,4/25/15,966,331,12,-73,850
899,4/26/15,967,332,12,-74,844
901,4/27/15,968,332,12,-71,848
902,4/28/15,969,333,12,-72,844
903,4/29/15,970,333,12,-71,849
906,4/30/15,971,334,12,-71,848
904,5/1/15,972,334,12,-73,847
905,5/2/15,973,335,12,-72,844
907,5/3/15,974,336,12,-73,842
908,5/4/15,975,336,12,-73,843
909,5/5/15,976,337,12,-75,842
910,5/6/15,977,337,12,-75,841
913,5/7/15,978,338,12,-73,842
912,5/9/15,979,338,12,-79,841
911,5/10/15,980,339,12,-73,840
914,5/11/15,981,339,12,-73,841
917,5/12/15,982,340,12,-74,840
916,5/13/15,983,340,12,-76,840
915,5/14/15,984,341,12,-74,840
918,5/15/15,985,342,12,-78,840
919,5/16/15,986,342,12,-74,840
920,5/17/15,987,343,12,-74,839
922,5/18/15,988,343,12,-75,840
921,5/19/15,989,344,12,-74,841
923,5/20/15,990,344,12,-76,839
926,5/21/15,991,345,12,-73,840
924,5/22/15,992,345,12,-73,842
927,5/23/15,993,346,12,-73,840
925,5/24/15,994,346,12,-79,842
929,5/25/15,995,347,12,-74,842
928,5/26/15,996,348,12,-72,842
930,5/27/15,997,348,12,-74,843
931,5/28/15,998,349,12,-73,842
932,5/30/15,1000,350,12,-74,841
933,5/31/15,1001,350,12,-79,843
936,6/1/15,1002,351,12,-77,844
934,6/2/15,1003,351,12,-74,843
935,6/3/15,1004,352,12,-74,842
939,6/4/15,1005,352,12,-75,843
941,6/5/15,1006,353,12,-78,844
937,6/6/15,1007,353,12,-79,845
940,6/7/15,1008,354,12,-79,844
946,6/8/15,1009,354,12,-75,845
947,6/9/15,1010,355,12,-74,846
948,6/10/15,1011,355,12,-78,845
949,6/11/15,1012,356,12,-81,846
953,6/12/15,1013,356,12,-80,846
950,6/13/15,1014,357,12,-77,846
951,6/14/15,1015,357,12,-75,847
952,6/16/15,1016,358,12,-76,847
955,6/17/15,1017,359,12,-78,850
956,6/18/15,1018,359,12,-79,850
954,6/19/15,1019,0,1,-81,849
938,6/20/15,1020,0,1,-63,832
942,6/21/15,1021,1,1,-76,850
944,6/22/15,1022,1,1,-75,852
943,6/23/15,1023,2,1,-76,851
945,6/24/15,1024,2,1,-76,851
958,6/25/15,1025,3,1,-74,851
957,6/26/15,1026,3,1,-78,851
960,6/28/15,1028,4,1,-75,853
959,6/29/15,1029,5,1,-75,856
961,6/30/15,1030,5,1,-77,855
963,7/1/15,1031,6,1,-76,854
962,7/2/15,1032,6,1,-74,854
965,7/3/15,1033,7,1,-77,856
964,7/4/15,1034,7,1,-76,859
966,7/5/15,1035,8,1,-77,857
967,7/6/15,1036,8,1,-76,856
968,7/7/15,1037,9,1,-80,856
969,7/8/15,1038,9,1,-76,858
970,7/9/15,1039,10,1,-77,857
972,7/10/15,1040,10,1,-77,858
971,7/11/15,1041,11,1,-77,859
973,7/12/15,1042,11,1,-76,859
974,7/13/15,1043,12,1,-77,860
975,7/14/15,1044,12,1,-79,860
978,7/15/15,1045,13,1,-80,861
979,7/16/15,1046,13,1,-77,862
977,7/17/15,1047,14,1,-77,863
976,7/18/15,1048,14,1,-78,864
980,7/19/15,1049,15,1,-75,864
981,7/20/15,1050,15,1,-76,863
983,7/21/15,1051,16,1,-76,864
982,7/23/15,1052,16,1,-78,865
984,7/24/15,1053,17,1,-79,865
985,7/25/15,1054,17,1,-77,867
987,7/26/15,1055,17,1,-77,868
986,7/27/15,1056,18,1,-76,868
988,7/28/15,1057,18,1,-78,867
989,7/29/15,1058,19,1,-78,868
990,7/30/15,1059,19,1,-78,870
992,7/31/15,1060,20,1,-78,870
993,8/1/15,1061,20,1,-77,871
991,8/2/15,1062,21,1,-77,871
994,8/3/15,1063,21,1,-79,871
996,8/4/15,1064,22,1,-77,871
995,8/5/15,1065,22,1,-78,873
997,8/6/15,1066,23,1,-78,875
998,8/7/15,1067,23,1,-79,875
1000,8/8/15,1068,24,1,-76,874
999,8/9/15,1069,24,1,-77,876
1001,8/10/15,1070,25,1,-80,877
1002,8/11/15,1071,25,1,-78,878
1003,8/12/15,1072,26,1,-78,879
1004,8/13/15,1073,26,1,-82,879
1005,8/14/15,1074,27,1,-77,878
1006,8/15/15,1075,27,1,-77,879
1007,8/16/15,1076,28,1,-81,880
1008,8/17/15,1077,28,1,-79,880
1009,8/18/15,1078,29,1,-80,881
1010,8/19/15,1079,29,1,-80,882
1013,8/20/15,1080,29,1,-77,882
1011,8/21/15,1081,30,2,-77,882
1012,8/22/15,1082,30,2,-79,882
1014,8/23/15,1083,31,2,-80,883
1015,8/24/15,1084,31,2,-78,885
1017,8/25/15,1085,32,2,-79,886
1016,8/26/15,1086,32,2,-77,885
1019,8/27/15,1087,33,2,-78,885
1020,8/29/15,1088,33,2,-77,885
1018,8/30/15,1089,34,2,-76,885
1021,8/31/15,1090,34,2,-78,886
1022,9/1/15,1091,35,2,-77,886
1023,9/2/15,1092,35,2,-79,886
1024,9/3/15,1093,36,2,-77,887
1026,9/4/15,1094,36,2,-80,888
1027,9/5/15,1095,36,2,-79,888
1025,9/6/15,1096,37,2,-79,888
1028,9/7/15,1097,37,2,-78,889
1029,9/8/15,1098,38,2,-77,890
1030,9/9/15,1099,38,2,-78,891
1031,9/10/15,1100,39,2,-79,890
1034,9/11/15,1101,39,2,-80,891
1032,9/12/15,1102,40,2,-84,892
1033,9/13/15,1103,40,2,-81,893
1035,9/14/15,1104,41,2,-79,893
1036,9/15/15,1105,41,2,-78,892
1037,9/16/15,1106,42,2,-82,893
1040,9/17/15,1107,42,2,-79,893
1038,9/18/15,1108,42,2,-78,895
1039,9/19/15,1109,43,2,-82,895
1041,9/20/15,1110,43,2,-81,895
1042,9/21/15,1111,44,2,-79,896
1043,9/22/15,1112,44,2,-80,895
1044,9/23/15,1113,45,2,-79,895
1045,9/24/15,1114,45,2,-79,896
1047,9/25/15,1115,46,2,-80,897
1046,9/26/15,1116,46,2,-79,898
1048,9/27/15,1117,47,2,-79,898
1049,9/28/15,1118,47,2,-80,898
1050,9/29/15,1119,48,2,-81,899
1051,9/30/15,1120,48,2,-80,900
1052,10/1/15,1121,48,2,-81,901
1053,10/2/15,1122,49,2,-79,901
1054,10/3/15,1123,49,2,-79,900
1055,10/4/15,1124,50,2,-80,900
1056,10/6/15,1125,50,2,-79,900
1057,10/7/15,1126,51,2,-79,901
1058,10/8/15,1127,51,2,-80,901
1059,10/9/15,1128,52,2,-79,902
1060,10/10/15,1129,52,2,-80,902
1061,10/11/15,1130,53,2,-81,902
1062,10/12/15,1131,53,2,-81,902
1063,10/13/15,1132,53,2,-82,902
1064,10/14/15,1133,54,2,-82,902
1065,10/15/15,1134,54,2,-80,902
1069,10/16/15,1135,55,2,-81,901
1066,10/17/15,1136,55,2,-82,901
1068,10/18/15,1137,56,2,-81,901
1067,10/19/15,1138,56,2,-82,901
1070,10/20/15,1139,57,2,-80,901
1071,10/21/15,1140,57,2,-81,901
1072,10/22/15,1141,57,2,-82,902
1073,10/23/15,1142,58,2,-82,902
1074,10/24/15,1143,58,2,-82,901
1075,10/25/15,1144,59,2,-82,902
1076,10/26/15,1145,59,2,-82,903
1077,10/27/15,1146,60,3,-82,902
1078,10/28/15,1147,60,3,-80,901
1080,10/29/15,1148,61,3,-80,901
1079,10/30/15,1149,61,3,-81,902
1081,10/31/15,1150,62,3,-82,902
1082,11/1/15,1151,62,3,-82,901
1086,11/2/15,1152,62,3,-80,901
1083,11/3/15,1153,63,3,-82,900
1088,11/4/15,1154,63,3,-84,900
1084,11/5/15,1155,64,3,-84,900
1085,11/6/15,1156,64,3,-84,900
1087,11/7/15,1157,65,3,-82,900
1089,11/8/15,1158,65,3,-82,898
1090,11/9/15,1159,66,3,-82,898
1091,11/10/15,1160,66,3,-80,899
1092,11/12/15,1161,66,3,-83,898
1093,11/13/15,1162,67,3,-84,897
1094,11/14/15,1163,67,3,-86,896
1095,11/15/15,1164,68,3,-86,896
1096,11/16/15,1165,68,3,-84,897
1097,11/17/15,1166,69,3,-84,895
1098,11/18/15,1167,69,3,-84,894
1102,11/19/15,1168,70,3,-84,894
1100,11/20/15,1169,70,3,-89,894
1101,11/21/15,1170,71,3,-85,893
1099,11/22/15,1171,71,3,-87,892
1104,11/23/15,1172,71,3,-87,892
1103,11/24/15,1173,72,3,-87,892
1105,11/25/15,1174,72,3,-85,891
1106,11/26/15,1175,73,3,-85,890
1107,11/27/15,1176,73,3,-84,890
1108,11/28/15,1177,74,3,-84,888
1109,11/29/15,1178,74,3,-86,888
1110,11/30/15,1179,75,3,-85,887
1111,12/1/15,1180,75,3,-86,886
1112,12/2/15,1181,75,3,-86,885
1114,12/3/15,1182,76,3,-85,884
1113,12/4/15,1183,76,3,-86,883
1115,12/5/15,1184,77,3,-85,882
1116,12/6/15,1185,77,3,-84,881
1117,12/7/15,1186,78,3,-86,881
1118,12/8/15,1187,78,3,-84,881
1119,12/9/15,1188,79,3,-90,881
1120,12/10/15,1189,79,3,-87,879
1121,12/11/15,1190,79,3,-87,877
1122,12/12/15,1191,80,3,-87,876
1123,12/13/15,1192,80,3,-86,876
1124,12/14/15,1193,81,3,-84,875
1125,12/15/15,1194,81,3,-84,873
1126,12/16/15,1195,82,3,-86,872
1129,12/17/15,1196,82,3,-86,871
1127,12/18/15,1197,83,3,-85,869
1128,12/20/15,1198,83,3,-86,868
1130,12/21/15,1199,84,3,-86,868
1131,12/22/15,1200,84,3,-84,866
1132,12/23/15,1201,84,3,-85,866
1133,12/24/15,1202,85,3,-85,864
1136,12/25/15,1203,85,3,-85,863
1135,12/26/15,1204,86,3,-84,862
1134,12/27/15,1205,86,3,-86,861
1137,12/28/15,1206,87,3,-85,859
1138,12/29/15,1207,87,3,-85,858
1139,12/30/15,1208,88,3,-85,857
1141,12/31/15,1209,88,3,-85,855
1140,1/1/16,1210,88,3,-85,854
1142,1/2/16,1211,89,3,-83,853
1143,1/3/16,1212,89,3,-86,851
1145,1/4/16,1213,90,4,-84,851
1144,1/5/16,1214,90,4,-85,849
1146,1/6/16,1215,91,4,-85,848
1147,1/7/16,1216,91,4,-86,847
1148,1/8/16,1217,92,4,-88,846
1149,1/9/16,1218,92,4,-86,845
1150,1/10/16,1219,93,4,-87,844
1151,1/11/16,1220,93,4,-87,842
1152,1/12/16,1221,93,4,-87,841
1153,1/13/16,1222,94,4,-87,840
1155,1/14/16,1223,94,4,-88,839
1154,1/15/16,1224,95,4,-88,837
1156,1/16/16,1225,95,4,-87,836
1157,1/17/16,1226,96,4,-87,835
1158,1/18/16,1227,96,4,-88,833
1159,1/19/16,1228,97,4,-88,832
1160,1/20/16,1229,97,4,-88,831
1161,1/21/16,1230,98,4,-88,830
1162,1/22/16,1231,98,4,-88,828
1163,1/23/16,1232,99,4,-88,827
1164,1/24/16,1233,99,4,-88,826
1166,1/26/16,1234,99,4,-88,824
1165,1/27/16,1235,100,4,-88,824
1170,1/28/16,1236,100,4,-87,822
1169,1/29/16,1237,101,4,-88,820
1167,1/30/16,1238,101,4,-87,819
1168,1/31/16,1239,102,4,-89,818
1171,2/1/16,1240,102,4,-87,816
1172,2/2/16,1241,103,4,-87,816
1173,2/3/16,1242,103,4,-87,815
1174,2/4/16,1243,104,4,-86,814
1175,2/5/16,1244,104,4,-85,812
1176,2/6/16,1245,105,4,-86,811
1178,2/7/16,1246,105,4,-85,810
1177,2/8/16,1247,105,4,-85,809
1179,2/9/16,1248,106,4,-86,807
1180,2/10/16,1249,106,4,-85,806
1182,2/11/16,1250,107,4,-85,804
1185,2/12/16,1251,107,4,-85,803
1184,2/13/16,1252,108,4,-85,802
1181,2/14/16,1253,108,4,-85,800
1183,2/15/16,1254,109,4,-84,799
1187,2/16/16,1255,109,4,-84,798
1186,2/17/16,1256,110,4,-84,797
1188,2/18/16,1257,110,4,-84,794
1189,2/19/16,1258,111,4,-83,794
1190,2/20/16,1259,111,4,-84,794
1191,2/21/16,1260,112,4,-83,792
1192,2/22/16,1261,112,4,-81,790
1193,2/23/16,1262,112,4,-81,790
1194,2/24/16,1263,113,4,-84,788
1195,2/25/16,1264,113,4,-84,787
1197,2/26/16,1265,114,4,-81,787
1196,2/27/16,1266,114,4,-82,787
1198,2/28/16,1267,115,4,-83,786
1199,2/29/16,1268,115,4,-83,784
1201,3/1/16,1269,116,4,-83,782
1200,3/3/16,1270,116,4,-82,782
1202,3/4/16,1271,117,4,-84,781
1203,3/5/16,1272,117,4,-81,780
1204,3/6/16,1273,118,4,-79,778
1205,3/7/16,1274,118,4,-82,777
1206,3/8/16,1275,119,4,-82,775
1207,3/9/16,1276,119,4,-83,774
1208,3/10/16,1277,120,5,-84,774
1210,3/11/16,1278,120,5,-83,773
1209,3/12/16,1279,121,5,-83,772
1211,3/13/16,1280,121,5,-84,771
1212,3/14/16,1281,122,5,-83,769
1213,3/15/16,1282,122,5,-81,768
1214,3/16/16,1283,123,5,-82,767
1216,3/17/16,1284,123,5,-80,767
1217,3/18/16,1285,123,5,-80,766
1215,3/19/16,1286,124,5,-80,765
1218,3/20/16,1287,124,5,-80,764
1219,3/21/16,1288,125,5,-80,763
1220,3/24/16,1291,126,5,-80,760
1222,3/25/16,1292,127,5,-81,760
1221,3/26/16,1293,127,5,-81,758
1223,3/27/16,1294,128,5,-79,758
1224,3/28/16,1295,128,5,-79,757
1226,3/29/16,1296,129,5,-79,756
1225,3/30/16,1297,129,5,-80,755
1229,3/31/16,1298,130,5,-79,755
1228,4/1/16,1299,130,5,-80,753
1227,4/2/16,1300,131,5,-79,752
1230,4/3/16,1301,131,5,-78,752
1231,4/4/16,1302,132,5,-80,751
1232,4/5/16,1303,132,5,-78,751
1233,4/6/16,1304,133,5,-80,750
1235,4/7/16,1305,133,5,-80,749
1234,4/8/16,1306,134,5,-79,748
1236,4/10/16,1307,134,5,-80,748
1237,4/11/16,1308,135,5,-81,748
1238,4/12/16,1309,135,5,-81,747
1239,4/13/16,1310,136,5,-76,745
1240,4/14/16,1311,136,5,-78,745
1243,4/15/16,1312,137,5,-77,745
1241,4/16/16,1313,137,5,-77,745
1242,4/17/16,1314,138,5,-78,744
1244,4/18/16,1315,138,5,-77,744
1245,4/19/16,1316,139,5,-80,744
1246,4/20/16,1317,139,5,-80,743
1247,4/21/16,1318,140,5,-80,743
1248,4/22/16,1319,140,5,-78,742
1250,4/23/16,1320,141,5,-77,741
1249,4/24/16,1321,141,5,-77,740
1251,4/25/16,1322,142,5,-78,740
1252,4/26/16,1323,142,5,-77,738
1253,4/27/16,1324,143,5,-78,738
1256,4/28/16,1325,144,5,-78,738
1254,4/29/16,1326,144,5,-77,738
1255,4/30/16,1327,145,5,-76,736
1257,5/1/16,1328,145,5,-77,735
1258,5/2/16,1329,146,5,-74,735
1259,5/3/16,1330,146,5,-78,734
1260,5/4/16,1331,147,5,-76,734
1262,5/5/16,1332,147,5,-78,734
1263,5/6/16,1333,148,5,-76,733
1261,5/7/16,1334,148,5,-77,732
1264,5/8/16,1335,149,5,-77,732
1265,5/9/16,1336,149,5,-75,732
1266,5/10/16,1337,150,6,-76,734
1267,5/11/16,1338,150,6,-75,734
1268,5/12/16,1339,151,6,-77,733
1269,5/13/16,1340,151,6,-76,734
1270,5/14/16,1341,152,6,-76,735
1271,5/15/16,1342,152,6,-80,735
1272,5/17/16,1343,153,6,-74,735
1273,5/18/16,1344,153,6,-75,734
1276,5/19/16,1345,154,6,-75,735
1274,5/20/16,1346,155,6,-75,737
1277,5/21/16,1347,155,6,-75,736
1275,5/22/16,1348,156,6,-76,735
1278,5/23/16,1349,156,6,-73,737
1279,5/24/16,1350,157,6,-73,738
1280,5/25/16,1351,157,6,-72,739
1283,5/26/16,1352,158,6,-73,736
1281,5/27/16,1353,158,6,-76,737
1282,5/28/16,1354,159,6,-75,739
1284,5/29/16,1355,159,6,-75,740
1286,5/30/16,1356,160,6,-74,739
1285,5/31/16,1357,160,6,-72,738
1287,6/1/16,1358,161,6,-74,738
1288,6/2/16,1359,162,6,-76,739
1289,6/3/16,1360,162,6,-76,739
1290,6/4/16,1361,163,6,-75,739
1291,6/5/16,1362,163,6,-74,739
1292,6/6/16,1363,164,6,-75,740
1293,6/7/16,1364,164,6,-74,740
1294,6/8/16,1365,165,6,-74,739
1295,6/9/16,1366,165,6,-75,740
1296,6/10/16,1367,166,6,-74,743
1297,6/11/16,1368,167,6,-74,743
1299,6/12/16,1369,167,6,-73,742
1298,6/13/16,1370,168,6,-74,744
1301,6/14/16,1371,168,6,-75,746
1300,6/15/16,1372,169,6,-74,745
1303,6/16/16,1373,169,6,-74,746
1302,6/17/16,1374,170,6,-75,748
1304,6/18/16,1375,170,6,-73,749
1305,6/19/16,1376,171,6,-75,749
1306,6/20/16,1377,172,6,-76,749
1308,6/21/16,1378,172,6,-76,751
1307,6/23/16,1379,173,6,-77,751
1311,6/24/16,1380,173,6,-74,751
1309,6/25/16,1381,174,6,-73,751
1310,6/26/16,1382,174,6,-76,752
1312,6/27/16,1383,175,6,-73,752
1313,6/28/16,1384,176,6,-74,753
1314,6/29/16,1385,176,6,-75,755
1315,6/30/16,1386,177,6,-74,755
1316,7/1/16,1387,177,6,-74,755
1317,7/2/16,1388,178,6,-73,756
1318,7/12/16,1398,184,7,-66,751
1319,7/13/16,1399,184,7,-73,770
1322,7/14/16,1400,185,7,-73,770
1321,7/15/16,1401,185,7,-73,770
1320,7/16/16,1402,186,7,-75,771
1323,7/17/16,1403,187,7,-75,771
1324,7/18/16,1404,187,7,-75,774
1325,7/19/16,1405,188,7,-75,775
1328,7/20/16,1406,188,7,-76,775
1329,7/21/16,1407,189,7,-74,779
1327,7/22/16,1408,190,7,-75,779
1326,7/23/16,1409,190,7,-74,781
1330,7/24/16,1410,191,7,-72,782
1331,7/25/16,1411,191,7,-72,782
1333,7/26/16,1412,192,7,-78,784
1332,7/27/16,1413,193,7,-72,784
1336,7/28/16,1414,193,7,-73,785
1334,7/29/16,1415,194,7,-72,787
1335,7/31/16,1416,194,7,-72,791
1337,8/1/16,1417,195,7,-70,791
1338,8/2/16,1418,196,7,-73,793
1339,8/3/16,1419,196,7,-73,793
1340,8/4/16,1420,197,7,-71,793
1343,8/5/16,1421,197,7,-72,797
1342,8/6/16,1422,198,7,-72,798
1341,8/7/16,1423,199,7,-71,800
1344,8/8/16,1424,199,7,-72,803
1345,8/9/16,1425,200,7,-72,804
1346,8/10/16,1426,200,7,-71,803
1347,8/11/16,1427,201,7,-72,807
1348,8/12/16,1428,202,7,-72,808
1349,8/13/16,1429,202,7,-70,810
1351,8/14/16,1430,203,7,-69,810
1350,8/15/16,1431,204,7,-69,811
1352,8/16/16,1432,204,7,-71,813
1353,8/17/16,1433,205,7,-70,818
1356,8/18/16,1434,205,7,-70,818
1355,8/19/16,1435,206,7,-71,823
1354,8/20/16,1436,207,7,-72,825
1357,8/21/16,1437,207,7,-71,821
1358,8/22/16,1438,208,7,-68,823
1360,8/23/16,1439,208,7,-71,828
1359,8/24/16,1440,209,7,-70,828
1361,8/25/16,1441,210,8,-74,828
1362,8/26/16,1442,210,8,-68,829
1363,8/27/16,1443,211,8,-69,831
1364,8/28/16,1444,212,8,-69,833
1365,8/29/16,1445,212,8,-69,836
1366,8/30/16,1446,213,8,-70,841
1367,8/31/16,1447,214,8,-74,841
1369,9/1/16,1448,214,8,-69,841
1368,9/2/16,1449,215,8,-71,841
1370,9/3/16,1450,215,8,-69,842
1371,9/4/16,1451,216,8,-71,842
1373,9/6/16,1452,217,8,-74,845
1372,9/7/16,1453,217,8,-73,850
1374,9/8/16,1454,218,8,-69,854
1377,9/9/16,1455,219,8,-70,858
1376,9/10/16,1456,219,8,-69,859
1375,9/11/16,1457,220,8,-69,860
1378,9/12/16,1458,220,8,-69,859
1379,9/13/16,1459,221,8,-71,861
1380,9/14/16,1460,222,8,-70,865
1382,9/15/16,1461,222,8,-69,870
1381,9/16/16,1462,223,8,-68,871
1383,9/17/16,1463,224,8,-68,871
1384,9/18/16,1464,224,8,-71,871
1385,9/19/16,1465,225,8,-68,870
1386,9/20/16,1466,226,8,-67,873
1387,9/21/16,1467,226,8,-69,877
1388,9/22/16,1468,227,8,-70,879
1389,9/23/16,1469,228,8,-72,881
1391,9/24/16,1470,228,8,-70,879
1392,9/25/16,1471,229,8,-71,880
1390,9/26/16,1472,229,8,-68,879
1393,9/27/16,1473,230,8,-67,881
1394,9/28/16,1474,231,8,-68,889
1396,9/29/16,1475,231,8,-72,890
1395,9/30/16,1476,232,8,-69,888
1397,10/1/16,1477,233,8,-72,888
1399,10/2/16,1478,233,8,-68,887
1398,10/3/16,1479,234,8,-66,890
1400,10/4/16,1480,235,8,-68,893
1401,10/5/16,1481,235,8,-70,893
1403,10/6/16,1482,236,8,-68,893
1402,10/7/16,1483,237,8,-68,892
1404,10/8/16,1484,237,8,-68,895
1405,10/9/16,1485,238,8,-71,899
1406,10/10/16,1486,239,8,-71,901
1407,10/11/16,1487,239,8,-68,901
1408,10/12/16,1488,240,9,-69,902
1410,10/14/16,1489,240,9,-68,903
1411,10/15/16,1490,241,9,-66,904
1409,10/16/16,1491,242,9,-69,906
1412,10/17/16,1492,242,9,-68,910
1413,10/18/16,1493,243,9,-70,905
1414,10/19/16,1494,244,9,-70,904
1416,10/20/16,1495,244,9,-71,903
1415,10/21/16,1496,245,9,-72,906
1417,10/22/16,1497,246,9,-68,909
1418,10/23/16,1498,246,9,-68,907
1419,10/24/16,1499,247,9,-69,903
1420,10/25/16,1500,248,9,-70,903
1421,10/26/16,1501,248,9,-69,903
1422,10/27/16,1502,249,9,-69,907
1424,10/28/16,1503,250,9,-70,909
1423,10/29/16,1504,250,9,-69,910
1425,10/30/16,1505,251,9,-69,906
1426,10/31/16,1506,252,9,-71,907
1427,11/1/16,1507,252,9,-70,907
1428,11/2/16,1508,253,9,-70,907
1430,11/3/16,1509,254,9,-70,910
1431,11/4/16,1510,254,9,-70,908
1429,11/5/16,1511,255,9,-77,908
1432,11/6/16,1512,255,9,-78,906
1433,11/7/16,1513,256,9,-74,907
1434,11/8/16,1514,257,9,-73,906
1435,11/9/16,1515,257,9,-76,906
1436,11/10/16,1516,258,9,-71,909
1437,11/11/16,1517,259,9,-76,911
1438,11/12/16,1518,259,9,-78,909
1440,11/13/16,1519,260,9,-72,906
1439,11/14/16,1520,261,9,-73,905
1441,11/15/16,1521,261,9,-71,905
1442,11/16/16,1522,262,9,-71,905
1443,11/17/16,1523,263,9,-77,905
1444,11/18/16,1524,263,9,-76,904
1445,11/20/16,1525,264,9,-74,902
1446,11/21/16,1526,265,9,-72,900
1449,11/22/16,1527,265,9,-71,900
1450,11/23/16,1528,266,9,-72,898
1451,11/24/16,1529,267,9,-73,900
1452,11/25/16,1530,267,9,-71,899
1447,11/26/16,1531,268,9,-76,900
1448,11/27/16,1532,268,9,-72,900
1453,11/28/16,1533,269,9,-72,896
1454,11/29/16,1534,270,10,-73,898
1455,11/30/16,1535,270,10,-73,900
1456,12/1/16,1536,271,10,-71,901
1458,12/2/16,1537,272,10,-74,900
1457,12/3/16,1538,272,10,-73,898
1459,12/4/16,1539,273,10,-74,896
1460,12/5/16,1540,274,10,-72,896
1461,12/6/16,1541,274,10,-76,895
1462,12/7/16,1542,275,10,-73,895
1464,12/8/16,1543,276,10,-74,896
1463,12/9/16,1544,276,10,-71,894
1465,12/10/16,1545,277,10,-73,891
1467,12/11/16,1546,277,10,-73,889
1466,12/12/16,1547,278,10,-75,887
1468,12/13/16,1548,279,10,-76,887
1469,12/14/16,1549,279,10,-76,887
1472,12/15/16,1550,280,10,-71,888
1471,12/16/16,1551,281,10,-71,886
1470,12/17/16,1552,281,10,-74,886
1474,12/18/16,1553,282,10,-77,884
1473,12/19/16,1554,283,10,-70,882
1477,12/20/16,1555,283,10,-71,883
1478,12/21/16,1556,284,10,-72,883
1475,12/22/16,1557,284,10,-70,883
1476,12/23/16,1558,285,10,-72,880
1484,12/24/16,1559,286,10,-76,879
1482,12/25/16,1560,286,10,-76,877
1485,12/27/16,1561,287,10,-77,877
1479,12/28/16,1562,288,10,-73,877
1483,12/29/16,1563,288,10,-75,879
1481,12/30/16,1564,289,10,-70,877
1480,12/31/16,1565,290,10,-72,874
1487,1/1/17,1566,290,10,-76,876
1486,1/2/17,1567,291,10,-70,872
1488,1/3/17,1568,291,10,-71,876
1492,1/4/17,1569,292,10,-70,873
1491,1/5/17,1570,293,10,-71,873
1490,1/6/17,1571,293,10,-70,873
1489,1/7/17,1572,294,10,-81,869
1493,1/8/17,1573,295,10,-74,872
1495,1/9/17,1574,295,10,-72,868
1494,1/10/17,1575,296,10,-73,871
1496,1/11/17,1576,296,10,-72,869
1498,1/12/17,1577,297,10,-72,866
1499,1/13/17,1578,298,10,-74,868
1500,1/14/17,1579,298,10,-73,862
1497,1/15/17,1580,299,10,-72,867
1501,1/16/17,1581,299,10,-72,862
1503,1/17/17,1582,300,11,-74,862
1502,1/18/17,1583,301,11,-75,862
1505,1/19/17,1584,301,11,-77,860
1506,1/20/17,1585,302,11,-76,864
1504,1/21/17,1586,303,11,-72,858
1508,1/22/17,1587,303,11,-73,860
1507,1/23/17,1588,304,11,-72,858
1510,1/24/17,1589,304,11,-72,857
1509,1/25/17,1590,305,11,-76,860
1512,1/26/17,1591,306,11,-73,852
1511,1/27/17,1592,306,11,-71,857
1513,1/28/17,1593,307,11,-72,852
1514,1/29/17,1594,307,11,-74,855
1515,1/30/17,1595,308,11,-71,855
1516,1/31/17,1596,309,11,-74,850
1517,2/1/17,1597,309,11,-73,855
1519,2/3/17,1598,310,11,-70,849
1518,2/4/17,1599,310,11,-72,853
1520,2/5/17,1600,311,11,-71,850
1522,2/6/17,1601,312,11,-71,853
1521,2/7/17,1602,312,11,-77,852
1523,2/8/17,1603,313,11,-76,847
1524,2/9/17,1604,313,11,-77,850
1526,2/10/17,1605,314,11,-73,846
1525,2/11/17,1606,315,11,-75,850
1528,2/12/17,1607,315,11,-77,846
1527,2/13/17,1608,316,11,-72,847
1529,2/14/17,1609,316,11,-71,847
1534,2/18/17,1613,319,11,-72,846
1533,2/19/17,1614,319,11,-73,837
1536,2/20/17,1615,320,11,-73,842
1535,2/21/17,1616,320,11,-73,848
1537,2/22/17,1617,321,11,-72,840
1540,2/23/17,1618,322,11,-71,845
1538,2/24/17,1619,322,11,-73,841
1539,2/25/17,1620,323,11,-70,844
1541,2/26/17,1621,323,11,-73,842
1542,2/27/17,1622,324,11,-71,841
1544,2/28/17,1623,324,11,-71,840
1543,3/1/17,1624,325,11,-72,837
1546,3/2/17,1625,326,11,-71,839
1545,3/3/17,1626,326,11,-71,839
1547,3/4/17,1627,327,11,-72,838
1549,3/5/17,1628,327,11,-71,839
1548,3/6/17,1629,328,11,-74,837
1551,3/7/17,1630,328,11,-77,838
1550,3/8/17,1631,329,11,-77,837
1552,3/9/17,1632,330,12,-72,836
1554,3/10/17,1633,330,12,-75,834
1553,3/12/17,1634,331,12,-72,834
1555,3/13/17,1635,331,12,-73,833
1556,3/14/17,1636,332,12,-72,834
1557,3/15/17,1637,332,12,-73,833
1559,3/16/17,1638,333,12,-73,833
1558,3/17/17,1639,334,12,-71,832
1561,3/18/17,1640,334,12,-72,832
1560,3/19/17,1641,335,12,-72,831
1564,3/20/17,1642,335,12,-72,829
1563,3/21/17,1643,336,12,-74,832
1562,3/22/17,1644,336,12,-74,832
1567,3/23/17,1645,337,12,-74,832
1565,3/24/17,1646,337,12,-74,831
1566,3/25/17,1647,338,12,-73,831
1568,3/26/17,1648,339,12,-73,830
1569,3/27/17,1649,339,12,-74,830
1570,3/28/17,1650,340,12,-75,833
1571,3/29/17,1651,340,12,-77,833
1572,3/30/17,1652,341,12,-76,834
1573,3/31/17,1653,341,12,-75,833
1575,4/1/17,1654,342,12,-75,829
1574,4/2/17,1655,342,12,-76,831
1576,4/3/17,1656,343,12,-75,832
1578,4/4/17,1657,343,12,-75,836
1577,4/5/17,1658,344,12,-77,835
1579,4/6/17,1659,345,12,-77,832
1581,4/7/17,1660,345,12,-74,832
1580,4/8/17,1661,346,12,-75,831
1583,4/9/17,1662,346,12,-75,831
1584,4/10/17,1663,347,12,-74,832
1586,4/11/17,1664,347,12,-74,832
1585,4/12/17,1665,348,12,-76,833
1582,4/13/17,1666,348,12,-76,834
1588,4/14/17,1667,349,12,-76,833
1587,4/15/17,1668,349,12,-77,831
1589,4/16/17,1669,350,12,-74,833
1590,4/18/17,1670,350,12,-76,834
1591,4/19/17,1671,351,12,-76,832
1592,4/20/17,1672,351,12,-74,833
1594,4/21/17,1673,352,12,-75,836
1593,4/22/17,1674,352,12,-75,835
1595,4/23/17,1675,353,12,-75,835
1596,4/24/17,1676,354,12,-76,837
1597,4/25/17,1677,354,12,-74,835
1598,4/26/17,1678,355,12,-74,836
1599,4/27/17,1679,355,12,-75,836
1601,4/28/17,1680,356,12,-74,835
1602,4/29/17,1681,356,12,-74,837
1603,4/30/17,1682,357,12,-76,839
1600,5/1/17,1683,357,12,-75,837
1604,5/2/17,1684,358,12,-75,837
1605,5/3/17,1685,358,12,-77,838
1607,5/4/17,1686,359,12,-75,838
1608,5/5/17,1687,359,12,-75,838
1606,5/6/17,1688,0,1,-76,840
1610,5/7/17,1689,0,1,-75,840
1609,5/8/17,1690,1,1,-76,840
1614,5/10/17,1692,2,1,-62,820
1612,5/11/17,1693,2,1,-76,840
1613,5/12/17,1694,3,1,-76,840
1611,5/13/17,1695,3,1,-77,840
1615,5/14/17,1696,4,1,-75,841
1616,5/15/17,1697,4,1,-77,841
1618,5/16/17,1698,5,1,-77,842
1617,5/17/17,1699,5,1,-76,843
1619,5/18/17,1700,6,1,-76,842
1620,5/19/17,1701,6,1,-76,841
1621,5/20/17,1702,7,1,-75,842
1622,5/21/17,1703,7,1,-76,843
1625,5/22/17,1704,8,1,-77,844
1623,5/23/17,1705,8,1,-76,845
1624,5/24/17,1706,9,1,-77,845
1627,5/26/17,1707,9,1,-77,846
1626,5/27/17,1708,10,1,-76,846
1628,5/28/17,1709,10,1,-76,847
1629,5/29/17,1710,11,1,-76,848
1631,5/30/17,1711,11,1,-75,848
1630,5/31/17,1712,12,1,-77,849
1635,6/1/17,1713,12,1,-75,850
1633,6/2/17,1714,13,1,-77,849
1634,6/3/17,1715,13,1,-77,851
1632,6/4/17,1716,14,1,-76,850
1636,6/5/17,1717,14,1,-76,851
1637,6/6/17,1718,15,1,-77,852
1639,6/7/17,1719,15,1,-77,853
1638,6/8/17,1720,16,1,-76,853
1641,6/9/17,1721,16,1,-76,852
1640,6/10/17,1722,17,1,-77,854
1642,6/11/17,1723,17,1,-76,854
1643,6/12/17,1724,18,1,-77,856
1644,6/13/17,1725,18,1,-79,857
1645,6/14/17,1726,19,1,-76,855
1647,6/15/17,1727,19,1,-75,855
1648,6/16/17,1728,20,1,-76,855
1646,6/17/17,1729,20,1,-76,858
1650,6/18/17,1730,21,1,-77,858
1649,6/19/17,1731,21,1,-78,857
1651,6/20/17,1732,22,1,-78,858
1652,6/21/17,1733,22,1,-77,859
1655,6/22/17,1734,23,1,-78,859
1653,6/23/17,1735,23,1,-78,861
1654,6/24/17,1736,23,1,-77,860
1656,6/25/17,1737,24,1,-78,861
1657,6/26/17,1738,24,1,-78,861
1658,6/27/17,1739,25,1,-77,861
1662,6/28/17,1740,25,1,-78,861
1659,6/29/17,1741,26,1,-78,863
1661,6/30/17,1742,26,1,-77,865
1660,7/2/17,1743,27,1,-78,863
1663,7/3/17,1744,27,1,-78,863
1664,7/4/17,1745,28,1,-78,865
1665,7/5/17,1746,28,1,-76,866
1666,7/6/17,1747,29,1,-79,866
1668,7/7/17,1748,29,1,-79,867
1667,7/8/17,1749,30,2,-76,867
1669,7/9/17,1750,30,2,-77,867
1670,7/10/17,1751,31,2,-78,867
1671,7/11/17,1752,31,2,-80,867
1672,7/12/17,1753,32,2,-76,868
1673,7/13/17,1754,32,2,-78,870
1674,7/14/17,1755,32,2,-77,870
1675,7/15/17,1756,33,2,-78,871
1676,7/16/17,1757,33,2,-78,871
1677,7/17/17,1758,34,2,-78,871
1678,7/18/17,1759,34,2,-77,871
1679,7/19/17,1760,35,2,-78,872
1684,7/20/17,1761,35,2,-77,872
1687,7/21/17,1762,36,2,-77,872
1680,7/22/17,1763,36,2,-78,873
1682,7/23/17,1764,37,2,-79,872
1690,7/24/17,1765,37,2,-77,873
1688,7/25/17,1766,38,2,-79,873
1691,7/26/17,1767,38,2,-77,874
1683,7/27/17,1768,39,2,-78,875
1689,7/28/17,1769,39,2,-76,875
1686,7/29/17,1770,39,2,-79,875
1692,7/30/17,1771,40,2,-79,876
1681,7/31/17,1772,40,2,-78,876
1685,8/1/17,1773,41,2,-78,876
1693,8/2/17,1774,41,2,-79,877
1694,8/3/17,1775,42,2,-80,877
1696,8/4/17,1776,42,2,-79,877
1695,8/5/17,1777,43,2,-79,877
1697,8/6/17,1778,43,2,-81,877
1698,8/7/17,1779,44,2,-78,878
1699,8/9/17,1780,44,2,-77,879
1700,8/10/17,1781,45,2,-78,879
1701,8/11/17,1782,45,2,-78,878
1703,8/12/17,1783,45,2,-79,879
1702,8/13/17,1784,46,2,-80,883
1704,8/14/17,1785,46,2,-77,881
1705,8/16/17,1787,47,2,-79,881
1706,8/17/17,1788,48,2,-79,881
1708,8/18/17,1789,48,2,-79,881
1707,8/19/17,1790,49,2,-81,882
1709,8/20/17,1791,49,2,-79,882
1710,8/21/17,1792,50,2,-80,883
1711,8/22/17,1793,50,2,-80,883
1712,8/23/17,1794,50,2,-80,883
1714,8/24/17,1795,51,2,-81,882
1715,8/25/17,1796,51,2,-80,883
1713,8/26/17,1797,52,2,-79,884
1716,8/27/17,1798,52,2,-79,883
1717,8/28/17,1799,53,2,-78,883
1718,8/29/17,1800,53,2,-80,883
1719,8/30/17,1801,54,2,-80,882
1722,8/31/17,1802,54,2,-79,882
1723,9/1/17,1803,55,2,-78,882
1720,9/2/17,1804,55,2,-78,883
1721,9/3/17,1805,55,2,-78,883
1724,9/4/17,1806,56,2,-80,884
1725,9/5/17,1807,56,2,-78,884
1726,9/6/17,1808,57,2,-79,884
1728,9/7/17,1809,57,2,-80,884
1729,9/8/17,1810,58,2,-78,883
1727,9/9/17,1811,58,2,-79,882
1730,9/10/17,1812,59,2,-79,882
1731,9/11/17,1813,59,2,-80,881
1732,9/12/17,1814,59,2,-80,881
1733,9/13/17,1815,60,3,-81,881
1734,9/15/17,1816,60,3,-82,882
1735,9/16/17,1817,61,3,-80,882
1736,9/17/17,1818,61,3,-81,881
1737,9/18/17,1819,62,3,-82,880
1738,9/19/17,1820,62,3,-79,881
1740,9/20/17,1821,63,3,-81,882
1739,9/21/17,1822,63,3,-78,881
1743,9/22/17,1823,64,3,-80,879
1742,9/23/17,1824,64,3,-80,879
1741,9/24/17,1825,64,3,-80,878
1744,9/25/17,1826,65,3,-80,878
1745,9/26/17,1827,65,3,-80,879
1746,9/27/17,1828,66,3,-80,878
1749,9/28/17,1829,66,3,-78,877
1748,9/29/17,1830,67,3,-80,877
1747,9/30/17,1831,67,3,-80,876
1750,10/1/17,1832,68,3,-84,875
1751,10/2/17,1833,68,3,-81,875
1752,10/3/17,1834,68,3,-80,875
1753,10/4/17,1835,69,3,-80,873
1755,10/5/17,1836,69,3,-81,873
1756,10/6/17,1837,70,3,-81,872
1754,10/7/17,1838,70,3,-79,872
1757,10/8/17,1839,71,3,-80,872
1758,10/9/17,1840,71,3,-77,871
1759,10/10/17,1841,72,3,-77,870
1761,10/11/17,1842,72,3,-79,869
1760,10/12/17,1843,72,3,-80,869
1762,10/13/17,1844,73,3,-81,869
1763,10/14/17,1845,73,3,-80,868
1765,10/15/17,1846,74,3,-80,868
1764,10/16/17,1847,74,3,-80,866
1766,10/17/17,1848,75,3,-80,865
1770,10/18/17,1849,75,3,-80,864
1768,10/19/17,1850,76,3,-80,864
1767,10/20/17,1851,76,3,-87,864
1769,10/22/17,1852,77,3,-80,863
1771,10/23/17,1853,77,3,-80,862
1772,10/24/17,1854,77,3,-80,861
1773,10/25/17,1855,78,3,-78,861
1774,10/26/17,1856,78,3,-80,859
1776,10/27/17,1857,79,3,-80,858
1775,10/28/17,1858,79,3,-81,857
1779,10/29/17,1859,80,3,-79,857
1778,10/30/17,1860,80,3,-80,857
1780,10/31/17,1861,81,3,-79,855
1777,11/1/17,1862,81,3,-81,854
1781,11/2/17,1863,81,3,-80,853
1782,11/3/17,1864,82,3,-82,852
1783,11/4/17,1865,82,3,-80,852
1785,11/5/17,1866,83,3,-80,850
1784,11/6/17,1867,83,3,-78,848
1786,11/7/17,1868,84,3,-80,848
1787,11/8/17,1869,84,3,-81,846
1788,11/9/17,1870,85,3,-81,845
1789,11/10/17,1871,85,3,-80,844
1791,11/11/17,1872,86,3,-79,843
1790,11/12/17,1873,86,3,-79,842
1792,11/13/17,1874,86,3,-80,840
1793,11/14/17,1875,87,3,-79,839
1794,11/15/17,1876,87,3,-79,838
1797,11/16/17,1877,88,3,-79,837
1795,11/17/17,1878,88,3,-79,835
1796,11/18/17,1879,89,3,-79,834
1798,11/19/17,1880,89,3,-79,833
1803,11/20/17,1881,90,4,-79,832
1801,11/21/17,1882,90,4,-78,831
1800,11/22/17,1883,91,4,-78,830
1799,11/23/17,1884,91,4,-79,829
1804,11/24/17,1885,91,4,-79,827
1805,11/25/17,1886,92,4,-79,826
1802,11/26/17,1887,92,4,-79,824
1807,11/27/17,1888,93,4,-79,823
1806,11/29/17,1889,93,4,-80,822
1808,11/30/17,1890,94,4,-79,821
1810,12/1/17,1891,94,4,-80,819
1809,12/2/17,1892,95,4,-81,817
1812,12/3/17,1893,95,4,-79,816
1811,12/4/17,1894,96,4,-79,815
1814,12/5/17,1895,96,4,-78,814
1813,12/6/17,1896,96,4,-79,812
1817,12/7/17,1897,97,4,-80,811
1816,12/8/17,1898,97,4,-81,810
1815,12/9/17,1899,98,4,-81,808
1818,12/10/17,1900,98,4,-81,807
1819,12/11/17,1901,99,4,-81,806
1820,12/12/17,1902,99,4,-79,804
1821,12/13/17,1903,100,4,-78,803
1822,12/14/17,1904,100,4,-79,801
1823,12/15/17,1905,101,4,-80,800
1824,12/16/17,1906,101,4,-79,799
1825,12/17/17,1907,101,4,-79,798
1826,12/18/17,1908,102,4,-79,796
1827,12/19/17,1909,102,4,-80,795
1828,12/20/17,1910,103,4,-80,794
1833,12/21/17,1911,103,4,-79,792
1832,12/22/17,1912,104,4,-80,791
1830,12/23/17,1913,104,4,-79,791
1834,12/24/17,1914,105,4,-78,790
1835,12/25/17,1915,105,4,-78,788
1829,12/26/17,1916,106,4,-79,787
1831,12/27/17,1917,106,4,-80,786
1839,12/28/17,1918,107,4,-77,784
1836,12/29/17,1919,107,4,-77,783
1837,12/30/17,1920,108,4,-77,782
1838,12/31/17,1921,108,4,-78,781
1840,1/1/18,1922,108,4,-79,780
1842,1/2/18,1923,109,4,-77,778
1841,1/3/18,1924,109,4,-78,777
1844,1/5/18,1925,110,4,-79,777
1843,1/6/18,1926,110,4,-80,775
1845,1/7/18,1927,111,4,-79,774
1847,1/8/18,1928,111,4,-78,773
1846,1/9/18,1929,112,4,-79,771
1848,1/10/18,1930,112,4,-79,770
1849,1/11/18,1931,113,4,-79,770
1850,1/12/18,1932,113,4,-79,768
1852,1/13/18,1933,114,4,-78,767
1851,1/14/18,1934,114,4,-79,766
1853,1/15/18,1935,115,4,-80,765
1855,1/16/18,1936,115,4,-79,764
1854,1/17/18,1937,116,4,-80,763
1859,1/18/18,1938,116,4,-78,762
1857,1/19/18,1939,116,4,-78,760
1858,1/20/18,1940,117,4,-77,759
1856,1/21/18,1941,117,4,-77,758
1860,1/22/18,1942,118,4,-78,757
1863,1/23/18,1943,118,4,-78,756
1861,1/24/18,1944,119,4,-80,755
1862,1/25/18,1945,119,4,-78,754
1864,1/26/18,1946,120,5,-79,753
1865,1/27/18,1947,120,5,-78,751
1866,1/28/18,1948,121,5,-78,752
1867,1/29/18,1949,121,5,-78,751
1868,1/30/18,1950,122,5,-79,750
1869,1/31/18,1951,122,5,-77,749
1871,2/1/18,1952,123,5,-80,748
1870,2/2/18,1953,123,5,-78,747
1872,2/3/18,1954,124,5,-77,745
1873,2/4/18,1955,124,5,-77,745
1879,2/5/18,1956,125,5,-79,744
1875,2/6/18,1957,125,5,-77,742
1874,2/7/18,1958,126,5,-77,741
1878,2/8/18,1959,126,5,-78,740
1876,2/9/18,1960,127,5,-78,740
1877,2/11/18,1961,127,5,-77,740
1880,2/12/18,1962,128,5,-78,738
1881,2/13/18,1963,128,5,-77,737
1882,2/14/18,1964,129,5,-76,736
1883,2/15/18,1965,129,5,-76,735
1884,2/16/18,1966,130,5,-77,735
1885,2/17/18,1967,130,5,-76,734
1886,2/18/18,1968,131,5,-76,732
1887,2/19/18,1969,131,5,-76,732
1888,2/20/18,1970,132,5,-77,731
1890,2/21/18,1971,132,5,-78,731
1891,2/22/18,1972,133,5,-78,730
1889,2/23/18,1973,133,5,-78,730
1892,2/24/18,1974,134,5,-77,729
1894,2/25/18,1975,134,5,-76,729
1893,2/26/18,1976,135,5,-77,728
1895,2/27/18,1977,135,5,-77,727